{
  "mode": "node_level",
  "S_nodes": 199,
  "S_items": 199,
  "returned_items_total_ranked": 199,
  "gt_core_size": 35,
  "gt_ext_size": 51,
  "core_tp": 24,
  "core_precision": 0.12060301507537688,
  "core_recall": 0.6857142857142857,
  "core_f1": 0.20512820512820512,
  "ext_tp": 40,
  "ext_precision": 0.20100502512562815,
  "ext_recall": 0.7843137254901961,
  "ext_f1": 0.32000000000000006,
  "core_tp@5": 2,
  "core_P@5": 0.4,
  "core_R@5": 0.05714285714285714,
  "core_k_used@5": 5,
  "ext_tp@5": 2,
  "ext_P@5": 0.4,
  "ext_R@5": 0.0392156862745098,
  "ext_k_used@5": 5,
  "core_Hit@5": 1,
  "core_hit_k_used@5": 5,
  "core_tp@10": 7,
  "core_P@10": 0.7,
  "core_R@10": 0.2,
  "core_k_used@10": 10,
  "ext_tp@10": 7,
  "ext_P@10": 0.7,
  "ext_R@10": 0.13725490196078433,
  "ext_k_used@10": 10,
  "core_Hit@10": 1,
  "core_hit_k_used@10": 10,
  "core_tp@20": 9,
  "core_P@20": 0.45,
  "core_R@20": 0.2571428571428571,
  "core_k_used@20": 20,
  "ext_tp@20": 17,
  "ext_P@20": 0.85,
  "ext_R@20": 0.3333333333333333,
  "ext_k_used@20": 20,
  "core_Hit@20": 1,
  "core_hit_k_used@20": 20,
  "core_tp@50": 21,
  "core_P@50": 0.42,
  "core_R@50": 0.6,
  "core_k_used@50": 50,
  "ext_tp@50": 33,
  "ext_P@50": 0.66,
  "ext_R@50": 0.6470588235294118,
  "ext_k_used@50": 50,
  "core_Hit@50": 1,
  "core_hit_k_used@50": 50
}