{
  "mode": "or_duplicates",
  "S_nodes": 199,
  "S_items": 174,
  "returned_items_total_ranked": 174,
  "gt_core_size": 32,
  "gt_ext_size": 40,
  "core_tp": 24,
  "core_precision": 0.13793103448275862,
  "core_recall": 0.75,
  "core_f1": 0.23300970873786406,
  "ext_tp": 32,
  "ext_precision": 0.1839080459770115,
  "ext_recall": 0.8,
  "ext_f1": 0.29906542056074764,
  "core_tp@5": 1,
  "core_P@5": 0.2,
  "core_R@5": 0.03125,
  "core_k_used@5": 5,
  "ext_tp@5": 4,
  "ext_P@5": 0.8,
  "ext_R@5": 0.1,
  "ext_k_used@5": 5,
  "core_Hit@5": 1,
  "core_hit_k_used@5": 5,
  "core_tp@10": 4,
  "core_P@10": 0.4,
  "core_R@10": 0.125,
  "core_k_used@10": 10,
  "ext_tp@10": 9,
  "ext_P@10": 0.9,
  "ext_R@10": 0.225,
  "ext_k_used@10": 10,
  "core_Hit@10": 1,
  "core_hit_k_used@10": 10,
  "core_tp@20": 11,
  "core_P@20": 0.55,
  "core_R@20": 0.34375,
  "core_k_used@20": 20,
  "ext_tp@20": 17,
  "ext_P@20": 0.85,
  "ext_R@20": 0.425,
  "ext_k_used@20": 20,
  "core_Hit@20": 1,
  "core_hit_k_used@20": 20,
  "core_tp@50": 21,
  "core_P@50": 0.42,
  "core_R@50": 0.65625,
  "core_k_used@50": 50,
  "ext_tp@50": 27,
  "ext_P@50": 0.54,
  "ext_R@50": 0.675,
  "ext_k_used@50": 50,
  "core_Hit@50": 1,
  "core_hit_k_used@50": 50
}