{
  "mode": "node_level",
  "S_nodes": 199,
  "S_items": 199,
  "returned_items_total_ranked": 199,
  "gt_core_size": 35,
  "gt_ext_size": 51,
  "core_tp": 25,
  "core_precision": 0.12562814070351758,
  "core_recall": 0.7142857142857143,
  "core_f1": 0.21367521367521367,
  "ext_tp": 41,
  "ext_precision": 0.20603015075376885,
  "ext_recall": 0.803921568627451,
  "ext_f1": 0.32799999999999996,
  "core_tp@5": 1,
  "core_P@5": 0.2,
  "core_R@5": 0.02857142857142857,
  "core_k_used@5": 5,
  "ext_tp@5": 4,
  "ext_P@5": 0.8,
  "ext_R@5": 0.0784313725490196,
  "ext_k_used@5": 5,
  "core_Hit@5": 1,
  "core_hit_k_used@5": 5,
  "core_tp@10": 1,
  "core_P@10": 0.1,
  "core_R@10": 0.02857142857142857,
  "core_k_used@10": 10,
  "ext_tp@10": 9,
  "ext_P@10": 0.9,
  "ext_R@10": 0.17647058823529413,
  "ext_k_used@10": 10,
  "core_Hit@10": 1,
  "core_hit_k_used@10": 10,
  "core_tp@20": 9,
  "core_P@20": 0.45,
  "core_R@20": 0.2571428571428571,
  "core_k_used@20": 20,
  "ext_tp@20": 19,
  "ext_P@20": 0.95,
  "ext_R@20": 0.37254901960784315,
  "ext_k_used@20": 20,
  "core_Hit@20": 1,
  "core_hit_k_used@20": 20,
  "core_tp@50": 21,
  "core_P@50": 0.42,
  "core_R@50": 0.6,
  "core_k_used@50": 50,
  "ext_tp@50": 33,
  "ext_P@50": 0.66,
  "ext_R@50": 0.6470588235294118,
  "ext_k_used@50": 50,
  "core_Hit@50": 1,
  "core_hit_k_used@50": 50
}